Workbook

Sheet Portada
A1: UNIVERSIDAD TECNOLÓGICA DE PANAMÁ
A2: FACULTAD DE INGENIERÍA DE SISTEMAS COMPUTACIONALES
A3: DEPARTAMENTO DE INGENIERÍA DE SOFTWARE
A4: ISA III - Ingeniería de Software Aplicada III
A6: CASOS DE PRUEBA DINÁMICAS
A7: Proyecto: AstroSystems - Sistema de control de acceso
A9: Grupo: | B9: 9GS231
A10: Fecha de entrega: | B10: 13 de octubre de 2026
A11: Tipo de pruebas: | B11: Dinámicas (12 casos por integrante)
A13: Integrante | B13: Módulo asignado | C13: Hoja | D13: Casos | E13: PASÓ | F13: FALLÓ
A14: Asbel Johnson | B14: Autenticación y Login (JWT) | C14: Autenticacion | D14: =Autenticacion!E2 -> 12 | E14: =Autenticacion!E3 -> 11 | F14: =Autenticacion!E4 -> 1
A15: Carlos Sánchez | B15: Gestión de Usuarios | C15: Usuarios | D15: =Usuarios!E2 -> 12 | E15: =Usuarios!E3 -> 7 | F15: =Usuarios!E4 -> 5
A16: Jesús Pérez | B16: Control de Acceso a Puertas | C16: Puertas | D16: =Puertas!E2 -> 12 | E16: =Puertas!E3 -> 8 | F16: =Puertas!E4 -> 4
A17: Ángel Villarreal | B17: Auditoría (bitácora) y Dashboard | C17: Auditoria | D17: =Auditoria!E2 -> 12 | E17: =Auditoria!E3 -> 9 | F17: =Auditoria!E4 -> 2
A18: TOTAL | D18: =SUM(D14:D17) -> 48 | E18: =SUM(E14:E17) -> 35 | F18: =SUM(F14:F17) -> 12

Sheet Autenticacion
A1: CASOS DE PRUEBA DINÁMICAS - ASTROSYSTEMS
A2: Proyecto: | B2: AstroSystems - Sistema de control de acceso | D2: Total de casos: | E2: =COUNTA(A8:A19) -> 12
A3: Módulo: | B3: Autenticación y Login (JWT) | D3: PASÓ: | E3: =COUNTIF(G8:G19,"PASÓ") -> 11
A4: Integrante: | B4: Asbel Johnson | D4: FALLÓ: | E4: =COUNTIF(G8:G19,"FALLÓ") -> 1
A5: Versión probada: | B5: v1.0 | D5: Pendientes: | E5: =E2-E3-E4 -> 0
A7: ID | B7: Funcionalidad | C7: Precondición | D7: Pasos | E7: Resultado esperado | F7: Resultado real | G7: Estado (PASÓ/FALLÓ) | H7: Observaciones | I7: Captura
A8: TC-Login01 | B8: Login exitoso como administrador | C8: Existe un usuario ADMIN registrado y activo en la base de datos. | D8: 1. Abrir la pantalla de login 2. Ingresar usuario y clave de administrador correctos 3. Pulsar "Entrar" | E8: Acceso al dashboard, se genera el token JWT y se guarda en el navegador. | F8: se pudo acceder de forma satifactoria como usuario admin | G8: PASÓ | H8: El login con credenciales de administrador funciona: entra al dashboard y se genera el token. Cumple lo esperado.
A9: TC-Login02 | B9: Login con clave incorrecta | C9: Existe un usuario registrado. | D9: 1. Abrir la pantalla de login 2. Ingresar un usuario válido con una clave equivocada 3. Pulsar "Entrar" | E9: Mensaje de error de credenciales inválidas, código HTTP 400, no se da acceso. | F9: no se pudo acceder a la pagiona principal porque no se coloco el usuario y clave almacenado en la base de datos | G9: PASÓ | H9: Con clave incorrecta el sistema no da acceso. Cumple lo esperado (error 400, sin acceso).
A10: TC-Login03 | B10: Login con usuario inexistente | C10: El usuario que se va a escribir no existe en la base de datos. | D10: 1. Abrir la pantalla de login 2. Ingresar un usuario que no existe y cualquier clave 3. Pulsar "Entrar" | E10: Mensaje de error de credenciales inválidas, código HTTP 400, no se da acceso. | F10: no se pudo acceder a la pagiona principal porque no se coloco el usuario y clave almacenado en la base de datos | G10: PASÓ | H10: Con un usuario que no existe el sistema tampoco da acceso. Responde igual que con clave incorrecta, así que no revela si el usuario existe.
A11: TC-Login04 | B11: Login con campos vacíos | C11: Pantalla de login abierta. | D11: 1. Dejar usuario y clave vacíos 2. Pulsar "Entrar" | E11: El sistema avisa que los campos son obligatorios y no envía la petición o responde error 400. | F11: hizo una validacion de que no puede haber espacios vacios antes de hacer una peticion a la baces de datos para verificar si esta el usuario y sale un texto que pide que se coloque una contraseña | G11: PASÓ | H11: La validación de campos vacíos se hace antes de consultar la base de datos y el sistema pide completar la contraseña. Cumple lo esperado.
A12: TC-Login05 | B12: Token contiene el rol del usuario | C12: Login exitoso hecho previamente. | D12: 1. Iniciar sesión como administrador 2. Copiar el token JWT 3. Pegarlo en jwt.io y revisar el contenido (payload) | E12: El token incluye el rol del usuario y una fecha de expiración. | F12: se copio el token jwt generado al iniciar sesion como admin y al pegarlo en jwt.io se comprobo que el payload incluye correctamente el rol del usuario y la fecha de expiracion exp[cite: 1, 3] | G12: PASÓ | H12: El token JWT incluye el rol del usuario y la fecha de expiración (exp), comprobado en jwt.io.
A13: TC-Login06 | B13: Acceso a recurso protegido sin token | C13: No haber iniciado sesión. | D13: 1. En Postman, hacer una petición GET a un endpoint protegido (por ejemplo listar usuarios) 2. No enviar el header Authorization 3. Enviar la petición | E13: El sistema rechaza la petición con código 401 o 403 y no devuelve datos. | F13: se realizo una peticion get al endpoint protegido de la api sin incluir el token ni el header de autorizacion, y el sistema rechazo correctamente la solicitud devolviendo un codigo de estado 403 forbidden sin retornar datos`[cite: 7] | G13: PASÓ | H13: Sin token el sistema rechaza la petición con 403 y no devuelve datos. El 403 está dentro de lo esperado (401 o 403).
A14: TC-Login07 | B14: Token alterado o inválido | C14: Tener un token JWT válido copiado. | D14: 1. Modificar algunos caracteres del token 2. En Postman, enviar una petición protegida con ese token en el header Authorization 3. Enviar la petición | E14: El sistema rechaza el token con código 401 y no devuelve datos. | F14: se modifico el token jwt en el header authorization y al enviar la peticion al endpoint protegido el sistema rechazo la solicitud devolviendo un codigo 403 forbidden sin mostrar datos | G14: PASÓ | H14: Con el token alterado el sistema rechaza la petición y no devuelve datos. Respondió 403 y lo esperado era 401, pero el comportamiento es correcto porque no da acceso.
A15: TC-Login08 | B15: Token expirado | C15: Tener un token JWT cuyo tiempo de vida ya terminó (o con expiración corta configurada para la prueba). | D15: 1. Esperar a que el token expire 2. Enviar una petición protegida con ese token 3. Revisar la respuesta | E15: El sistema rechaza el token expirado con código 401 y pide iniciar sesión otra vez. | F15: se envio una peticion a un endpoint protegido utilizando un token jwt expirado o con fecha de vigencia vencida en el header de autorizacion, y el sistema rechazo correctamente la solicitud devolviendo un codigo de estado de error sin entregar informacion | G15: PASÓ | H15: Con el token expirado el sistema rechaza la petición y no entrega información. En la captura no se indicó el código exacto; lo esperado era 401.
A16: TC-Login09 | B16: Intento de inyección SQL en el login | C16: Pantalla de login abierta. | D16: 1. En usuario escribir: ' OR '1'='1 2. En clave escribir cualquier texto 3. Pulsar "Entrar" | E16: El sistema no da acceso, responde error de credenciales y no muestra errores de base de datos. | F16: se intento realizar una inyeccion sql ingresando caracteres especiales en el campo de usuario y texto en la clave, y el sistema rechazo la solicitud mostrando un error 400 sin conceder acceso ni exponer informacion | G16: PASÓ | H16: La inyección SQL no da acceso: el sistema responde 400 y no muestra información de la base de datos.
A17: TC-Login10 | B17: Varios intentos fallidos seguidos | C17: Existe un usuario registrado. | D17: 1. Intentar iniciar sesión 5 veces seguidas con clave incorrecta 2. Luego iniciar sesión con la clave correcta | E17: Los intentos fallidos responden 401 sin que el sistema se caiga y el login correcto sigue funcionando. | F17: se realizaron varios intentos fallidos seguidos de inicio de sesion con clave incorrecta respondiendo con error 401 y posteriormente se inicio sesion con la clave correcta comprobando que el sistema no sufrio caidas y el acceso continuo funcionando correctamente | G17: PASÓ | H17: Los intentos fallidos responden 401 sin que el sistema se caiga, y después el login correcto sigue funcionando. No hay bloqueo de la cuenta tras varios intentos.
A18: TC-Login11 | B18: Cerrar sesión | C18: Sesión iniciada correctamente. | D18: 1. Estando en el dashboard, pulsar "Cerrar sesión" 2. Intentar volver al dashboard con el botón atrás del navegador | E18: Se elimina el token del navegador y el sistema vuelve al login sin mostrar datos. | F18: al momeno de que se vuelve a dar el boton de atrás se vulve a dirigir al dashboard y se ve los datos y no se elimina el token de navegador | G18: FALLÓ | H18: Falla: al cerrar sesión y volver con el botón atrás del navegador, se vuelve a mostrar el dashboard con datos y el token no se elimina del navegador. Hay que borrar el token al cerrar sesión y validar la sesión al cargar la página.
A19: TC-Login12 | B19: Redirección según el rol | C19: Existe un usuario ADMIN y un usuario sin rol de administrador. | D19: 1. Iniciar sesión con el usuario sin rol de administrador 2. Revisar qué opciones del menú se muestran 3. Repetir con el administrador | E19: El usuario sin rol de administrador no ve las opciones de administración; el administrador sí las ve. | F19: se puede observar que cada rol puede ver y tener secciones del sistemas distintos por su jerarquia | G19: PASÓ | H19: Cada rol ve secciones distintas del sistema según su jerarquía. El usuario sin rol de administrador no ve las opciones de administración.
A21: Leyenda: las celdas en amarillo se llenan después de ejecutar cada prueba (Resultado real, Estado, Observaciones y pegar la captura en la columna Captura). Los pasos están pensados para hacerse en el navegador o en Postman.

Sheet Usuarios
A1: CASOS DE PRUEBA DINÁMICAS - ASTROSYSTEMS
A2: Proyecto: | B2: AstroSystems - Sistema de control de acceso | D2: Total de casos: | E2: =COUNTA(A8:A19) -> 12
A3: Módulo: | B3: Gestión de Usuarios | D3: PASÓ: | E3: =COUNTIF(G8:G19,"PASÓ") -> 7
A4: Integrante: | B4: Carlos Sánchez | D4: FALLÓ: | E4: =COUNTIF(G8:G19,"FALLÓ") -> 5
A5: Versión probada: | B5: v1.0 | D5: Pendientes: | E5: =E2-E3-E4 -> 0
A7: ID | B7: Funcionalidad | C7: Precondición | D7: Pasos | E7: Resultado esperado | F7: Resultado real | G7: Estado (PASÓ/FALLÓ) | H7: Observaciones | I7: Captura
A8: TC-Usuario01 | B8: Crear usuario con datos válidos | C8: Sesión iniciada como administrador. | D8: 1. Ir al formulario de nuevo usuario 2. Llenar todos los campos obligatorios con datos válidos 3. Pulsar "Guardar" | E8: El usuario se guarda, aparece en la lista con los datos correctos y la respuesta es HTTP 201. | F8: Por Postman (POST /api/users con token de administrador). El usuario se guardó con id 8 y aparece en la lista con los datos correctos. La respuesta fue HTTP 200 OK en lugar de 201. La clave no se devuelve en la respuesta. | G8: FALLÓ | H8: La funcionalidad crea el usuario correctamente, pero el código HTTP no coincide con el esperado (200 en vez de 201 Created). El frontend no tiene botón ni formulario de nuevo usuario, por eso se probó por Postman.
A9: TC-Usuario02 | B9: Crear usuario con campos obligatorios vacíos | C9: Sesión iniciada como administrador. | D9: 1. Ir al formulario de nuevo usuario 2. Dejar vacío el nombre o la clave 3. Pulsar "Guardar" | E9: El sistema muestra mensaje de campo obligatorio y no guarda el usuario (HTTP 400). | F9: Por Postman (POST /api/users). Con username vacío el sistema respondió HTTP 200 y creó el usuario con id 9 con el username vacío. Sin el campo password respondió HTTP 400 con el mensaje técnico "rawPassword cannot be null". | G9: FALLÓ | H9: El backend no valida los campos obligatorios: acepta un username vacío y crea el usuario. Cuando falta la clave rechaza la petición, pero con un mensaje técnico de Java en lugar de un mensaje de campo obligatorio. Se recomienda agregar validación (@NotBlank / @Valid) en el modelo Usuario.
A10: TC-Usuario03 | B10: Crear usuario con identificador repetido | C10: Ya existe un usuario registrado con un correo o nombre de usuario. | D10: 1. Ir al formulario de nuevo usuario 2. Escribir el mismo correo o usuario que ya existe 3. Pulsar "Guardar" | E10: El sistema avisa que el dato ya existe y no crea un segundo usuario. | F10: Por Postman (POST /api/users). Con un username repetido respondió HTTP 400 con el mensaje "El usuario ya existe". Con un email repetido respondió HTTP 400 con el mensaje "El email ya está registrado". En ninguno de los dos casos se creó un segundo usuario. | G10: PASÓ | H10: La validación de duplicados funciona tanto para el nombre de usuario como para el correo. Se probó por Postman porque el frontend no tiene formulario de nuevo usuario.
A11: TC-Usuario04 | B11: Crear usuario con correo con formato inválido | C11: Sesión iniciada como administrador. | D11: 1. Ir al formulario de nuevo usuario 2. Escribir un correo sin @ (ejemplo: carlos.correo.com) 3. Pulsar "Guardar" | E11: El sistema rechaza el correo inválido y muestra un mensaje de error. | F11: Por Postman (POST /api/users) con el correo "carlos.correo.com" (sin @). El sistema respondió HTTP 200 y creó el usuario con id 10 con ese correo inválido. No mostró ningún mensaje de error. | G11: FALLÓ | H11: El backend no valida el formato del correo electrónico. Se recomienda agregar @Email en el modelo Usuario y @Valid en el controller para rechazar correos inválidos con HTTP 400.
A12: TC-Usuario05 | B12: Listar todos los usuarios | C12: Sesión iniciada como administrador y hay varios usuarios registrados. | D12: 1. Entrar al módulo de usuarios 2. Revisar la lista que se muestra | E12: Se muestran todos los usuarios registrados y no se muestran las claves. | F12: Por Postman (GET /api/users con token de administrador). Respondió HTTP 200 y devolvió la lista de todos los usuarios registrados con id, username, email, nombreCompleto, estado, fechaCreacion y rol. Ningún registro incluye el campo password. | G12: PASÓ | H12: El módulo de administradores no tiene pantalla en el frontend, por eso se probó por Postman. La lista incluye también los usuarios de prueba creados en los casos anteriores.
A13: TC-Usuario06 | B13: Ver los datos de un usuario | C13: Sesión iniciada como administrador y existe al menos un usuario. | D13: 1. Entrar al módulo de usuarios 2. Seleccionar un usuario de la lista | E13: Se muestran los datos del usuario seleccionado y coinciden con lo guardado en la base de datos. | F13: Por Postman (GET /api/users/8). Respondió HTTP 200 y mostró los datos del usuario seleccionado: id 8, username usuario.prueba, email usuario.prueba@test.com, nombreCompleto Usuario Prueba, rol USER. Los datos coinciden con los enviados al crearlo. La clave no se muestra. | G13: PASÓ | H13: Se probó por Postman porque el módulo de administradores no tiene pantalla en el frontend. Los datos se compararon con los enviados en la creación del usuario.
A14: TC-Usuario07 | B14: Editar datos de un usuario | C14: Sesión iniciada como administrador y existe un usuario a editar. | D14: 1. Seleccionar un usuario 2. Cambiar su nombre o correo 3. Pulsar "Guardar cambios" | E14: Los cambios se guardan, la lista muestra los datos nuevos y la respuesta es HTTP 200. | F14: Por Postman (PUT /api/users/8 con token de administrador). Respondió HTTP 200 y devolvió el usuario con nombreCompleto "Usuario Prueba Editado" y email "prueba.editado@test.com". Con un GET posterior a /api/users/8 se confirmó que los datos nuevos quedaron guardados. | G14: PASÓ | H14: Se probó por Postman porque el módulo de administradores no tiene pantalla en el frontend. El PUT sobrescribe nombreCompleto, email, estado y rol, así que hay que enviar los cuatro campos.
A15: TC-Usuario08 | B15: Cambiar el rol de un usuario | C15: Sesión iniciada como administrador y existe un usuario sin rol de administrador. | D15: 1. Seleccionar un usuario 2. Cambiar su rol 3. Guardar 4. Cerrar sesión e iniciar con ese usuario | E15: El rol se actualiza y el usuario ve las opciones que corresponden a su nuevo rol. | F15: Por Postman. PUT /api/users/8 con rol CONSULTOR respondió HTTP 200 y devolvió el usuario con rol CONSULTOR. Al iniciar sesión con ese usuario (POST /api/auth/login) la respuesta mostró role CONSULTOR y permissions ["CONSULTOR"]. | G15: PASÓ | H15: El rol se actualiza y el login ya entrega el nuevo rol. Se probó por Postman porque el módulo de administradores no tiene pantalla en el frontend. Al entrar a la web con el usuario ya con rol CONSULTOR, el menú muestra Panel de Control, Usuarios, Grupos y Consultas, sin la opción Auditoría que sí aparece con el administrador.
A16: TC-Usuario09 | B16: Eliminar un usuario existente | C16: Sesión iniciada como administrador y existe un usuario de prueba. | D16: 1. Seleccionar el usuario de prueba 2. Pulsar "Eliminar" 3. Confirmar la acción | E16: El usuario desaparece de la lista y ya no puede iniciar sesión. | F16: Por Postman (DELETE /api/users/{id} con token de administrador). Con el usuario id 9, que nunca inició sesión, respondió HTTP 200 y el usuario desapareció de la lista. Con el usuario id 10, que ya había iniciado sesión, respondió HTTP 400 con el error de base de datos "Cannot delete or update a parent row: a foreign key constraint fails (auditoria_login, FOREIGN KEY Id_admin REFERENCES usuarios id)" y el usuario no se eliminó. | G16: FALLÓ | H16: Un usuario que ya inició sesión no se puede eliminar porque la tabla auditoria_login tiene una llave foránea hacia usuarios. Además el backend devuelve el mensaje SQL completo al cliente, lo que expone detalles internos de la base de datos. Se recomienda manejar la excepción con un mensaje claro, o desactivar al usuario (estado = false) en lugar de borrarlo. Solo se pueden eliminar usuarios sin historial de acceso.
A17: TC-Usuario10 | B17: Eliminar un usuario que no existe | C17: Sesión iniciada como administrador. | D17: 1. En Postman, enviar DELETE con un id de usuario que no existe (ejemplo: 99999) 2. Revisar la respuesta | E17: El sistema responde que el usuario no fue encontrado (HTTP 404) y no se cae. | F17: Por Postman (DELETE /api/users/99999 con token de administrador). El sistema respondió HTTP 200 OK con cuerpo vacío, como si la eliminación hubiera sido exitosa, aunque el usuario 99999 no existe. | G17: FALLÓ | H17: El backend no verifica si el usuario existe antes de eliminarlo (deleteById) y responde 200 en lugar de 404 Not Found. Se recomienda consultar si el id existe y devolver 404 cuando no se encuentre.
A18: TC-Usuario11 | B18: Usuario sin rol de administrador intenta crear un usuario | C18: Sesión iniciada con un usuario que no es administrador. | D18: 1. Copiar el token del usuario sin rol de administrador 2. En Postman, enviar la petición para crear un usuario con ese token | E18: El sistema rechaza la petición con HTTP 403 y no se crea el usuario. | F18: Por Postman (POST /api/users con el token de usuario.prueba, rol CONSULTOR, sin permisos de administrador). El sistema respondió HTTP 403 Forbidden con cuerpo vacío y no creó el usuario "sin.permiso". | G18: PASÓ | H18: Solo el rol ADMIN puede crear usuarios en /api/users. La restricción por rol funciona.
A19: TC-Usuario12 | B19: La clave se guarda cifrada | C19: Se creó un usuario de prueba. | D19: 1. Crear un usuario con una clave conocida 2. Abrir la tabla de usuarios en MySQL 3. Revisar el campo de la clave | E19: La clave aparece cifrada (hash) y no en texto normal. | F19: En MySQL (tabla usuarios) el registro de usuario.prueba (id 8) tiene en la columna password el valor "$2a$10$yhckHKjDssldMly6W89leZePB4u7Doa2f...", un hash BCrypt. La clave original (Prueba123*) no aparece en texto normal. | G19: PASÓ | H19: La clave se cifra con BCrypt (BCryptPasswordEncoder) antes de guardarse en la base de datos. Consulta hecha en MySQL Workbench sobre la base en Aiven.
A21: Leyenda: las celdas en amarillo se llenan después de ejecutar cada prueba (Resultado real, Estado, Observaciones y pegar la captura en la columna Captura). Los pasos están pensados para hacerse en el navegador o en Postman.

Sheet Puertas
A1: CASOS DE PRUEBA DINÁMICAS - ASTROSYSTEMS
A2: Proyecto: | B2: AstroSystems - Sistema de control de acceso | D2: Total de casos: | E2: =COUNTA(A8:A19) -> 12
A3: Módulo: | B3: Control de Acceso a Puertas | D3: PASÓ: | E3: =COUNTIF(G8:G19,"PASÓ") -> 8
A4: Integrante: | B4: Jesús Pérez | D4: FALLÓ: | E4: =COUNTIF(G8:G19,"FALLÓ") -> 4
A5: Versión probada: | B5: v1.0 | D5: Pendientes: | E5: =E2-E3-E4 -> 0
A7: ID | B7: Funcionalidad | C7: Precondición | D7: Pasos | E7: Resultado esperado | F7: Resultado real | G7: Estado (PASÓ/FALLÓ) | H7: Observaciones | I7: Captura
A8: TC-Puerta01 | B8: Registrar una puerta nueva | C8: Sesión iniciada como administrador. | D8: 1. Ir al módulo de puertas 2. Llenar los datos de la puerta (nombre y ubicación) 3. Pulsar "Guardar" | E8: La puerta se guarda, aparece en la lista y la respuesta es HTTP 201. | F8: Por Postman (POST /api/admin/puertas con token de administrador, body {"nombrePuerta":"Puerta Prueba","area":{"idArea":5}}). El sistema respondió HTTP 200 OK y creó la puerta con idPuerta 24 en el área 5. Aparece en la lista de puertas con los datos correctos. | G8: FALLÓ | H8: La puerta se crea correctamente, pero el código HTTP no coincide con el esperado (200 en vez de 201 Created). El frontend no tiene formulario para crear puertas, por eso se probó por Postman. La respuesta devuelve nombreArea en null.
A9: TC-Puerta02 | B9: Registrar puerta con campos vacíos | C9: Sesión iniciada como administrador. | D9: 1. Ir al módulo de puertas 2. Dejar el nombre vacío 3. Pulsar "Guardar" | E9: El sistema muestra mensaje de campo obligatorio y no guarda la puerta. | F9: Por Postman (POST /api/admin/puertas con token de administrador, body {"nombrePuerta":"","area":{"idArea":5}}). El sistema respondió HTTP 200 OK y creó la puerta con idPuerta 27 y el nombre vacío. No mostró ningún mensaje de campo obligatorio. | G9: FALLÓ | H9: El backend no valida que el nombre de la puerta sea obligatorio: acepta una cadena vacía y la guarda. Se recomienda agregar @NotBlank en el campo nombrePuerta del modelo Puerta y @Valid en el controller para devolver HTTP 400. El frontend no tiene formulario de puertas, por eso se probó por Postman.
A10: TC-Puerta03 | B10: Listar las puertas registradas | C10: Sesión iniciada y existen varias puertas. | D10: 1. Entrar al módulo de puertas 2. Revisar la lista | E10: Se muestran todas las puertas registradas con sus datos correctos. | F10: Por Postman (GET /api/admin/puertas con token de administrador). Respondió HTTP 200 y devolvió la lista de todas las puertas registradas, cada una con idPuerta, nombrePuerta y area (idArea y nombreArea). Aparecen las 11 puertas originales (ids 12 a 22), con sus áreas correctas, y las puertas de prueba creadas en los casos anteriores. | G10: PASÓ | H10: Los datos coinciden con lo guardado en la base de datos (nombres y áreas de las puertas 12 a 22). La lista incluye también las puertas de prueba creadas durante las pruebas, que se eliminaron al terminar. Se probó por Postman porque el módulo de administración no tiene pantalla de puertas en el frontend; la pestaña Puertas de “Consultas” solo las muestra.
A11: TC-Puerta04 | B11: Editar una puerta | C11: Existe una puerta registrada y sesión de administrador. | D11: 1. Seleccionar una puerta 2. Cambiar su nombre o ubicación 3. Guardar cambios | E11: Los cambios se guardan y la lista muestra los datos nuevos. | F11: Por Postman (PUT /api/admin/puertas/24 con token de administrador, body {"nombrePuerta":"Puerta Editada","area":{"idArea":6}}). Respondió HTTP 200 y devolvió la puerta con nombrePuerta “Puerta Editada” y área 6. Al consultar la lista (GET /api/admin/puertas) la puerta 24 aparece con los datos nuevos. | G11: PASÓ | H11: Los cambios se guardan y se reflejan en la lista. En la respuesta del PUT, nombreArea viene en null porque el sistema devuelve el área tal como se envió en el body; en el GET ya aparece “Bloque B - Laboratorios”. Se probó por Postman porque el frontend no tiene formulario para editar puertas.
A12: TC-Puerta05 | B12: Eliminar una puerta | C12: Existe una puerta de prueba y sesión de administrador. | D12: 1. Seleccionar la puerta de prueba 2. Pulsar "Eliminar" 3. Confirmar | E12: La puerta desaparece de la lista. | F12: Por Postman (DELETE /api/admin/puertas/24 con token de administrador). Respondió HTTP 200 OK con el cuerpo vacío. Al consultar GET /api/admin/puertas la puerta 24 ya no aparece en la lista. | G12: PASÓ | H12: La puerta de prueba (sin permisos asignados) se elimina correctamente. Se probó por Postman porque el frontend no tiene opción para eliminar puertas. Captura: 1) el DELETE con el 200; 2) el GET sin la puerta 24.
A13: TC-Puerta06 | B13: Dar permiso de acceso a un usuario | C13: Existe un usuario y una puerta registrados, sesión de administrador. | D13: 1. Seleccionar el usuario 2. Asignarle permiso para una puerta 3. Guardar | E13: El permiso se guarda y queda asociado al usuario y a la puerta. | F13: Por Postman (POST /api/admin/acceso-grupo con token de administrador, body {"Id_grupo":17,"Id_puerta":24}). Respondió HTTP 200 y devolvió el registro idAccesoGrupo 72 asociando el grupo G-401 (Derecho) con la puerta 24 (Puerta Editada). Al consultar GET /api/admin/acceso-grupo?id_grupo=17 el permiso aparece guardado. | G13: PASÓ | H13: El permiso se guarda y queda asociado al grupo y a la puerta. En este sistema los permisos se asignan por grupo, no por usuario individual: el usuario recibe el acceso por el grupo al que pertenece. El sistema permitió asignar la puerta a un grupo con estatus “Inactivo” (G-401), sin ninguna advertencia. Se probó por Postman. Captura: 1) el POST con la respuesta; 2) el GET del grupo 17 con la puerta 24.
A14: TC-Puerta07 | B14: Acceso permitido a usuario autorizado | C14: El usuario tiene permiso para la puerta. | D14: 1. Simular el intento de acceso del usuario a esa puerta (desde la pantalla o Postman) 2. Revisar la respuesta | E14: El sistema responde acceso permitido. | F14: Por Postman. GET /api/admin/acceso-grupo?id_grupo=17 devolvió el permiso idAccesoGrupo 72 (grupo G-401 con la puerta 24). POST /api/admin/acceso con {"Id_grupo":17,"Id_puerta":24} respondió [Status] [con/sin body]. El sistema no devuelve ninguna respuesta de “acceso permitido”. | G14: FALLÓ | H14: No existe una función de intento de acceso que confirme el acceso permitido; solo se pudo verificar que el permiso está registrado en la tabla de permisos por grupo.
A15: TC-Puerta08 | B15: Acceso denegado a usuario sin permiso | C15: El usuario existe pero no tiene permiso para esa puerta. | D15: 1. Simular el intento de acceso del usuario a esa puerta 2. Revisar la respuesta | E15: El sistema responde acceso denegado y no permite abrir la puerta. | F15: Por Postman. GET /api/admin/acceso-grupo?id_grupo=18 confirma que el grupo G-501 (Medicina) no tiene asignada la puerta 24. POST /api/admin/acceso con {"Id_grupo":18,"Id_puerta":24} respondió HTTP 403 Forbidden. El sistema no responde “acceso denegado”. | G15: FALLÓ | H15: La ruta /api/admin/acceso no existe: el sistema no tiene una función que reciba un intento de acceso y responda permitido o denegado, solo gestiona los permisos por grupo (/api/admin/acceso-grupo). El 403 es una respuesta genérica de seguridad, no un mensaje de acceso denegado.
A16: TC-Puerta09 | B16: Acceso a una puerta que no existe | C16: Sesión iniciada correctamente. | D16: 1. En Postman, enviar un intento de acceso con un id de puerta que no existe (ejemplo: 99999) 2. Revisar la respuesta | E16: El sistema responde que la puerta no fue encontrada (HTTP 404) sin caerse. | F16: Por Postman (GET /api/admin/puertas/99999 con token de administrador). El sistema respondió HTTP 404 Not Found con el cuerpo vacío y no se cayó. | G16: PASÓ | H16: El sistema maneja correctamente el id de una puerta inexistente. Como no existe un endpoint de intento de acceso, se probó la consulta de una puerta con un id que no existe. El 404 llega sin mensaje explicativo en el cuerpo. Captura: el GET con el 404.
A17: TC-Puerta10 | B17: Quitar el permiso a un usuario | C17: El usuario tiene permiso para una puerta. | D17: 1. Seleccionar el usuario 2. Quitarle el permiso de la puerta 3. Guardar 4. Intentar acceder otra vez con ese usuario | E17: El permiso se elimina y el nuevo intento de acceso es denegado. | F17: Por Postman. DELETE /api/admin/acceso-grupo?id_grupo=17&id_puerta=24 con token de administrador respondió HTTP 200 OK con el cuerpo vacío. Al consultar GET /api/admin/acceso-grupo?id_grupo=17 la lista volvió vacía ([]): el permiso del grupo G-401 con la puerta 24 ya no existe. | G17: PASÓ | H17: El permiso se elimina correctamente. Como el sistema no tiene un endpoint de intento de acceso, no se pudo comprobar que el acceso sea denegado después; se verificó que el permiso ya no existe en la consulta del grupo. La acción queda registrada en la auditoría (tabla de ediciones) con el id del administrador.
A18: TC-Puerta11 | B18: Usuario sin rol de administrador intenta crear una puerta | C18: Sesión iniciada con un usuario que no es administrador. | D18: 1. Copiar el token del usuario sin rol de administrador 2. En Postman, enviar la petición para crear una puerta con ese token | E18: El sistema rechaza la petición con HTTP 403 y no se crea la puerta. | F18: Por Postman (POST /api/admin/puertas con el token del usuario consultor1, rol CONSULTOR, sin permisos de administrador). El sistema respondió HTTP 403 Forbidden y no se creó la puerta. | G18: PASÓ | H18: Solo el rol ADMIN puede crear puertas en /api/admin/puertas. La restricción por rol funciona. El rol CONSULTOR sí puede listarlas. Captura: el POST con el token de consultor1 y el 403.
A19: TC-Puerta12 | B19: Intento de acceso sin sesión iniciada | C19: No haber iniciado sesión. | D19: 1. En Postman, enviar un intento de acceso sin el header Authorization 2. Revisar la respuesta | E19: El sistema rechaza la petición con HTTP 401 o 403. | F19: Por Postman (GET /api/admin/puertas sin el header Authorization). El sistema respondió HTTP 403 Forbidden y no devolvió datos. | G19: PASÓ | H19: El sistema rechaza la petición sin sesión. Responde 403 en lugar de 401 Unauthorized, lo cual es válido según el resultado esperado (401 o 403). Como no existe un endpoint de intento de acceso, se probó con la consulta de puertas sin token. Captura: el GET sin token con el 403.
A21: Leyenda: las celdas en amarillo se llenan después de ejecutar cada prueba (Resultado real, Estado, Observaciones y pegar la captura en la columna Captura). Los pasos están pensados para hacerse en el navegador o en Postman.

Sheet Auditoria
A1: CASOS DE PRUEBA DINÁMICAS - ASTROSYSTEMS
A2: Proyecto: | B2: AstroSystems - Sistema de control de acceso | D2: Total de casos: | E2: =COUNTA(A8:A19) -> 12
A3: Módulo: | B3: Auditoría (bitácora) y Dashboard | D3: PASÓ: | E3: =COUNTIF(G8:G19,"PASÓ") -> 9
A4: Integrante: | B4: Ángel Villarreal | D4: FALLÓ: | E4: =COUNTIF(G8:G19,"FALLÓ") -> 2
A5: Versión probada: | B5: v1.0 | D5: Pendientes: | E5: =E2-E3-E4 -> 1
A7: ID | B7: Funcionalidad | C7: Precondición | D7: Pasos | E7: Resultado esperado | F7: Resultado real | G7: Estado (PASÓ/FALLÓ) | H7: Observaciones | I7: Captura
A8: TC-Audit01 | B8: Se registra un acceso permitido | C8: Existe un usuario con permiso para una puerta. | D8: 1. Hacer un intento de acceso permitido 2. Entrar a la bitácora como administrador 3. Buscar el último registro | E8: Aparece un registro nuevo con el usuario, la puerta, la fecha, la hora y resultado permitido. | F8: Login exitoso de admin: 'Total accesos' pasó de 101 a 102 y 'Exitosos' de 84 a 85. Cada registro muestra ID, administrador, fecha, hora y resultado 'Exitoso'. | G8: PASÓ | H8: La bitácora registra logins de administradores; no tiene columna 'puerta'. Horas en UTC (Panamá = UTC-5).
A9: TC-Audit02 | B9: Se registra un acceso denegado | C9: Existe un usuario sin permiso para una puerta. | D9: 1. Hacer un intento de acceso denegado 2. Entrar a la bitácora como administrador 3. Buscar el último registro | E9: Aparece un registro nuevo con resultado denegado. | F9: Intentos con clave incorrecta: 'Fallidos' subió de 17 a 18. Aparecen #113 (auditor1) y #118 (admin), ambos con resultado 'Fallido'. | G9: PASÓ | H9: Igual que TC-Audit01: la bitácora registra intentos de login, no de puertas.
A10: TC-Audit03 | B10: La acción del administrador guarda su Id_admin | C10: Sesión iniciada como administrador. | D10: 1. Crear o editar un usuario como administrador 2. Revisar la tabla de auditoría en MySQL | E10: El registro de auditoría guarda el Id_admin del administrador y no queda en NULL. | F10: Se editó la cédula de un usuario (8-234-567 → 8-224-567). Auditoría de Cambios registró #026 hecho por 'admin' (2026-10-12 23:17). La API devuelve el objeto admin con id 1. | G10: PASÓ | H10: El cambio queda asociado al admin y no queda en NULL.
A11: TC-Audit04 | B11: Consultar la bitácora como administrador | C11: Sesión de administrador y hay registros en la bitácora. | D11: 1. Entrar al módulo de auditoría 2. Revisar la lista de registros | E11: Se muestran los registros con fecha, usuario, acción y resultado. | F11: La tabla muestra las columnas ID, Administrador, Fecha, Hora y Resultado, más las tarjetas Total accesos, Exitosos, Fallidos y Admins activos. | G11: PASÓ | H11: No hay columna 'acción' en login; el detalle (campo, valor anterior y nuevo) está en 'Auditoría de Cambios'.
A12: TC-Audit05 | B12: Registros ordenados del más reciente al más antiguo | C12: Hay varios registros en la bitácora. | D12: 1. Entrar al módulo de auditoría 2. Revisar el orden de las fechas | E12: El primer registro de la lista es el más reciente. | F12: Con 111 registros (13/10/2026) la primera fila sigue siendo #016 (2026-06-28), el más antiguo. El JSON de la API también empieza en el ID 16: orden ascendente. | G12: FALLÓ | H12: Los más recientes quedan al final. Sugerido: ordenar por fecha descendente (ORDER BY fecha DESC).
A13: TC-Audit06 | B13: Usuario sin rol de administrador intenta ver la bitácora | C13: Sesión iniciada con un usuario que no es administrador. | D13: 1. Copiar el token del usuario sin rol de administrador 2. En Postman, pedir la lista de la bitácora con ese token | E13: El sistema rechaza la petición con HTTP 403 y no devuelve registros. | F13: Con el token de consultor1 (sin rol admin), GET /api/admin/auditoria-login devolvió 403 Forbidden sin registros. Su dashboard no muestra el menú Auditoría. | G13: PASÓ | H13: El backend rechaza el acceso según el rol.
A14: TC-Audit07 | B14: Bitácora sin sesión iniciada | C14: No haber iniciado sesión. | D14: 1. En Postman, pedir la lista de la bitácora sin el header Authorization | E14: El sistema rechaza la petición con HTTP 401 o 403. | F14: Sin el header Authorization (No Auth), la petición devolvió 403 Forbidden (467 ms, 568 B) con cuerpo vacío. | G14: PASÓ | H14: Se acepta 403; lo habitual sería 401 Unauthorized.
A15: TC-Audit08 | B15: Dashboard muestra el total real de usuarios | C15: Sesión de administrador y se conoce cuántos usuarios hay en la base de datos. | D15: 1. Contar los usuarios en MySQL 2. Abrir el dashboard 3. Comparar el número mostrado | E15: El número de usuarios del dashboard es igual al de la base de datos. | F15: El dashboard muestra 16 usuarios, igual a '16 usuarios encontrados' del módulo Usuarios (mismo endpoint). | G15: PASÓ | H15: La tarjeta dice 'activos' pero cuenta también los Inactivos (IDs 51 y 55). Comparado con la lista de la API.
A16: TC-Audit09 | B16: Dashboard muestra el total real de puertas | C16: Sesión de administrador y se conoce cuántas puertas hay en la base de datos. | D16: 1. Contar las puertas en MySQL 2. Abrir el dashboard 3. Comparar el número mostrado | E16: El número de puertas del dashboard es igual al de la base de datos. | F16: El dashboard no tiene tarjeta de total de puertas. Muestra Usuarios (16), Grupos (6), Accesos hoy (95) y Cambios (17). | G16: FALLÓ | H16: No incluido en v1.0: solo muestra el total de grupos, no el de puertas.
A17: TC-Audit10 | B17: Dashboard se actualiza después de un nuevo acceso | C17: Dashboard abierto y se anota el número actual de accesos. | D17: 1. Anotar el contador de accesos del dashboard 2. Hacer un nuevo intento de acceso 3. Recargar el dashboard | E17: El contador de accesos aumenta en 1. | F17: Tras un nuevo login, 'Total accesos' pasó de 101 a 102 (Exitosos 84 → 85): aumentó en 1. El dashboard usa el mismo endpoint (auditoria-login). | G17: PASÓ | H17: 'Accesos hoy' del dashboard mostró 95 a las 3:49 p.m.
A18: TC-Audit11 | B18: Dashboard sin sesión iniciada | C18: No haber iniciado sesión. | D18: 1. Intentar abrir la página del dashboard escribiendo la dirección directamente 2. Revisar qué pasa | E18: El sistema no muestra datos y envía al usuario a la pantalla de login. | F18: Sin sesión iniciada, al escribir la dirección del dashboard el sistema no mostró datos y presentó la pantalla de login de ASTRO SISTEMAS. | G18: PASÓ | H18: El acceso directo al dashboard sin sesión lleva al login.
A19: TC-Audit12 | B19: Dashboard con base de datos sin registros de acceso | C19: Base de datos de prueba sin registros en la bitácora. | D19: 1. Abrir el dashboard 2. Revisar los contadores y las listas | E19: El dashboard abre sin errores y muestra 0 o una lista vacía en lugar de fallar. | F19: No se ejecutó. Se verificó que la tabla auditoria_login de la base local está vacía (COUNT = 0), pero no se logró levantar el sistema completo contra esa base (el login mostró "Failed to fetch" porque el backend local no respondió). | H19: Pendiente de ejecutar. La base desplegada (Aiven) tiene 157 registros de acceso, por lo que no cumple la precondición de base vacía. Falta repetir la prueba con el backend local arriba y capturar el dashboard.
A21: Leyenda: las celdas en amarillo se llenan después de ejecutar cada prueba (Resultado real, Estado, Observaciones y pegar la captura en la columna Captura). Los pasos están pensados para hacerse en el navegador o en Postman.
